Date,Close,Volume
2013-01-02,62550.0,3739800
2013-01-03,63312.0,3355800
2013-01-04,62523.0,6233800
2013-01-07,61933.0,3985800
2013-01-08,61128.0,3840600
2013-01-09,61579.0,3236400
2013-01-10,61678.0,4100600
2013-01-11,61497.0,3161000
2013-01-14,62081.0,3481400
2013-01-15,61728.0,3819200
2013-01-16,61787.0,2789200
2013-01-17,62194.0,3382000
2013-01-18,61956.0,3495200
2013-01-21,61900.0,2143400
2013-01-22,61692.0,3475000
2013-01-23,61966.0,3209000
2013-01-24,61170.0,3605200
2013-01-28,60027.0,3426800
2013-01-29,60406.0,3192600
2013-01-30,59337.0,4661200
2013-01-31,59761.0,4749400
2013-02-01,60351.0,3412400
2013-02-04,59576.0,3347800
2013-02-05,59445.0,4429600
2013-02-06,58951.0,4410400
2013-02-07,58372.0,4071600
2013-02-08,58498.0,3152400
2013-02-13,58406.0,2803800
2013-02-14,58077.0,2385200
2013-02-15,57903.0,3519200
2013-02-18,57614.0,2697200
2013-02-19,57314.0,3921000
2013-02-20,56178.0,4950200
2013-02-21,56155.0,4915800
2013-02-22,56697.0,5113800
2013-02-25,56618.0,3965400
2013-02-26,56949.0,4510600
2013-02-27,57274.0,5034000
2013-02-28,57424.0,4441800
2013-03-01,56884.0,3889600
2013-03-04,56499.0,4033800
2013-03-05,55951.0,4261000
2013-03-06,57940.0,5806000
2013-03-07,58847.0,6338200
2013-03-08,58433.0,4129200
2013-03-11,58545.0,4129000
2013-03-12,58209.0,3805000
2013-03-13,57386.0,4536800
2013-03-14,57281.0,4581200
2013-03-15,56869.0,5182400
2013-03-18,56973.0,3741000
2013-03-19,56361.0,3828800
2013-03-20,56030.0,4179200
2013-03-21,55577.0,4368400
2013-03-22,55243.0,3744400
2013-03-25,54873.0,3849400
2013-03-26,55671.0,3755400
2013-03-27,56034.0,4052600
2013-03-28,56352.0,4373800
2013-04-01,55902.0,2755200
2013-04-02,54889.0,3588600
2013-04-03,55563.0,4480400
2013-04-04,54648.0,4574000
2013-04-05,55051.0,5975800
2013-04-08,55092.0,5504200
2013-04-09,55912.0,5186200
2013-04-10,56187.0,5388600
2013-04-11,55401.0,3836800
2013-04-12,54963.0,4805800
2013-04-15,52950.0,4709400
2013-04-16,53991.0,4353800
2013-04-17,52882.0,7413000
2013-04-18,53166.0,4554200
2013-04-19,53929.0,3733000
2013-04-22,54298.0,4174800
2013-04-23,54885.0,5365600
2013-04-24,54984.0,3949800
2013-04-25,54963.0,4347800
2013-04-26,54252.0,4660200
2013-04-29,54887.0,5931200
2013-04-30,55910.0,7138200
2013-05-02,55322.0,5436000
2013-05-03,55488.0,8860800
2013-05-06,55430.0,6452600
2013-05-07,56275.0,6235400
2013-05-08,55805.0,6519800
2013-05-09,55448.0,4799400
2013-05-10,55108.0,5315200
2013-05-13,54448.0,3956400
2013-05-14,54667.0,5094800
2013-05-15,54936.0,4899800
2013-05-16,54773.0,5080200
2013-05-17,55164.0,4067400
2013-05-20,55701.0,4164800
2013-05-21,56265.0,3898600
2013-05-22,56429.0,4872400
2013-05-23,56350.0,4072000
2013-05-24,56406.0,4852600
2013-05-27,56396.0,2051200
2013-05-28,56036.0,4175200
2013-05-29,54635.0,5004200
2013-05-31,53506.0,8790400
2013-06-03,53944.0,4336200
2013-06-04,54018.0,4314600
2013-06-05,52799.0,4630200
2013-06-06,52885.0,4088800
2013-06-07,51619.0,5635400
2013-06-10,51317.0,4689400
2013-06-11,49770.0,5560600
2013-06-12,49181.0,7780000
2013-06-13,50415.0,6228400
2013-06-14,49332.0,5826000
2013-06-17,49089.0,5324600
2013-06-18,49465.0,5977200
2013-06-19,47893.0,6582600
2013-06-20,48214.0,8789400
2013-06-21,47056.0,6416400
2013-06-24,45965.0,6301400
2013-06-25,46893.0,4773600
2013-06-26,47172.0,5636200
2013-06-27,47609.0,5567200
2013-06-28,47457.0,5752800
2013-07-01,47230.0,6658400
2013-07-02,45229.0,8123400
2013-07-03,45044.0,6998800
2013-07-04,45763.0,5100400
2013-07-05,45210.0,6988200
2013-07-08,45076.0,4664000
2013-07-10,45483.0,4867600
2013-07-11,46626.0,5587800
2013-07-12,45533.0,5357200
2013-07-15,46739.0,4842800
2013-07-16,46869.0,4775800
2013-07-17,47407.0,5185000
2013-07-18,47657.0,4285200
2013-07-19,47400.0,3474000
2013-07-22,48574.0,4132000
2013-07-23,48820.0,4579400
2013-07-24,48374.0,5006400
2013-07-25,49067.0,4935600
2013-07-26,49422.0,3997400
2013-07-29,49212.0,3285200
2013-07-30,48562.0,5507600
2013-07-31,48234.0,4944600
2013-08-01,49141.0,4687400
2013-08-02,48474.0,4491200
2013-08-05,48436.0,3743000
2013-08-06,47422.0,5267000
2013-08-07,47447.0,4463400
2013-08-08,48929.0,5221800
2013-08-09,49875.0,6321000
2013-08-12,50299.0,7041200
2013-08-13,50601.0,6511900
2013-08-14,50896.0,11269000
2013-08-15,50908.0,8357400
2013-08-16,51539.0,7402400
2013-08-19,51574.0,6388000
2013-08-20,50507.0,5834400
2013-08-21,50405.0,5993400
2013-08-22,51398.0,5570000
2013-08-23,52197.0,5887800
2013-08-26,51429.0,4283400
2013-08-27,50092.0,5718400
2013-08-28,49867.0,8503400
2013-08-29,49922.0,7991000
2013-08-30,50008.0,14233400
2013-09-02,51835.0,9666200
2013-09-03,51626.0,6887000
2013-09-04,51716.0,5036400
2013-09-05,52352.0,6194200
2013-09-06,53749.0,10524400
2013-09-09,54252.0,7775400
2013-09-10,53979.0,6826400
2013-09-11,53570.0,6817000
2013-09-12,53307.0,6094600
2013-09-13,53798.0,4938600
2013-09-16,53822.0,4775000
2013-09-17,54271.0,4249200
2013-09-18,55703.0,7541000
2013-09-19,55096.0,5134600
2013-09-20,54110.0,4421000
2013-09-23,54602.0,3915400
2013-09-24,54431.0,4296000
2013-09-25,54261.0,3904000
2013-09-26,53783.0,6266400
2013-09-27,53739.0,4217400
2013-09-30,52338.0,6498600
2013-10-01,53179.0,5041900
2013-10-02,53100.0,4144800
2013-10-03,52490.0,3992100
2013-10-04,52849.0,4300400
2013-10-07,52417.0,3472200
2013-10-08,52312.0,4002600
2013-10-09,52548.0,4212400
2013-10-10,52997.0,4136800
2013-10-11,53150.0,3052400
2013-10-14,54171.0,4094500
2013-10-15,54981.0,8575300
2013-10-16,55973.0,12960000
2013-10-17,55358.0,7207200
2013-10-18,55378.0,5977600
2013-10-21,56077.0,4658500
2013-10-22,56460.0,4607000
2013-10-23,55440.0,4019200
2013-10-24,54877.0,5649300
2013-10-25,54154.0,4940300
2013-10-28,55073.0,5796100
2013-10-29,54539.0,6136200
2013-10-30,54173.0,6039200
2013-10-31,54256.0,12953800
2013-11-01,54013.0,4094400
2013-11-04,54437.0,2731000
2013-11-05,53832.0,3327700
2013-11-06,53385.0,4258800
2013-11-07,52741.0,4874300
2013-11-08,52249.0,4105300
2013-11-11,52624.0,2317800
2013-11-12,51804.0,3848200
2013-11-13,52230.0,3415400
2013-11-14,53452.0,3609700
2013-11-18,54307.0,3320500
2013-11-19,53033.0,3649200
2013-11-21,52688.0,3624600
2013-11-22,52801.0,3467000
2013-11-25,52264.0,3075300
2013-11-26,51447.0,3730200
2013-11-27,51861.0,3108000
2013-11-28,51847.0,2416600
2013-11-29,52482.0,2633500
2013-12-02,51245.0,3793600
2013-12-03,50349.0,3683100
2013-12-04,50216.0,3641200
2013-12-05,50788.0,3672300
2013-12-06,50944.0,3353300
2013-12-09,51165.0,2277900
2013-12-10,50993.0,2128000
2013-12-11,50068.0,3083200
2013-12-12,50122.0,3049400
2013-12-13,50051.0,2875700
2013-12-16,50280.0,2796500
2013-12-17,50090.0,2678300
2013-12-18,50563.0,4527700
2013-12-19,50819.0,1146000
2013-12-20,51186.0,3715200
2013-12-23,51356.0,2305800
2013-12-26,51221.0,1810000
2013-12-27,51267.0,2002600
2013-12-30,51507.0,2048600
2014-01-02,50341.0,3476300
2014-01-03,50981.0,7360400
2014-01-06,50974.0,3727800
2014-01-07,50430.0,3339500
2014-01-08,50577.0,2916500
2014-01-09,49322.0,3702600
2014-01-10,49696.0,3509600
2014-01-13,49427.0,2803000
2014-01-14,49703.0,2887800
2014-01-15,50105.0,2835600
2014-01-16,49696.0,2944500
2014-01-17,49182.0,2615000
2014-01-20,48708.0,1413000
2014-01-21,48542.0,3104400
2014-01-22,49300.0,3873300
2014-01-23,48321.0,3881700
2014-01-24,47787.0,3535000
2014-01-27,47701.0,2936000
2014-01-28,47841.0,2694500
2014-01-29,47557.0,3324900
2014-01-30,47244.0,3108300
2014-01-31,47639.0,3718700
2014-02-03,46148.0,3622100
2014-02-04,46964.0,3471600
2014-02-05,46624.0,3358900
2014-02-06,47738.0,3632200
2014-02-07,48074.0,3195800
2014-02-10,47711.0,2634500
2014-02-11,48463.0,3379300
2014-02-12,48217.0,2766300
2014-02-13,47813.0,3167100
2014-02-14,48201.0,3192200
2014-02-17,47576.0,1884200
2014-02-18,46600.0,3860000
2014-02-19,47151.0,3995400
2014-02-20,47289.0,2996900
2014-02-21,47380.0,2605800
2014-02-24,47393.0,2990700
2014-02-25,46716.0,2924800
2014-02-26,46599.0,3225700
2014-02-27,47607.0,3046300
2014-02-28,47094.0,4088300
2014-03-05,46589.0,2293000
2014-03-06,47093.0,3164900
2014-03-07,46244.0,3982800
2014-03-10,45533.0,3673600
2014-03-11,45698.0,3282400
2014-03-12,45862.0,3021300
2014-03-13,45444.0,3118200
2014-03-14,44966.0,3477100
2014-03-17,45118.0,2929300
2014-03-18,46150.0,3593900
2014-03-19,46567.0,3337700
2014-03-20,47278.0,4364800
2014-03-21,47381.0,4187600
2014-03-24,47993.0,3008900
2014-03-25,48180.0,2953800
2014-03-26,47966.0,3439100
2014-03-27,49647.0,5928200
2014-03-28,49768.0,4230500
2014-03-31,50415.0,3645900
2014-04-01,50270.0,3501200
2014-04-02,51701.0,4790700
2014-04-03,51408.0,3503400
2014-04-04,51082.0,3696200
2014-04-07,52155.0,3673400
2014-04-08,51629.0,5496100
2014-04-09,51185.0,4195300
2014-04-10,51127.0,3588900
2014-04-11,51867.0,3395300
2014-04-14,51596.0,2686800
2014-04-15,50454.0,3858800
2014-04-16,51201.0,3427100
2014-04-17,52112.0,3015500
2014-04-22,51977.0,3492900
2014-04-23,51570.0,2844000
2014-04-24,51817.0,3186900
2014-04-25,51399.0,2954700
2014-04-28,51384.0,2711300
2014-04-29,51839.0,4326300
2014-04-30,51626.0,4623600
2014-05-02,52980.0,8106000
2014-05-05,53446.0,4441100
2014-05-06,53780.0,4965700
2014-05-07,54053.0,4569600
2014-05-08,53422.0,3344300
2014-05-09,53100.0,3177900
2014-05-12,54053.0,2744300
2014-05-13,53907.0,2956600
2014-05-14,54413.0,2878900
2014-05-15,53856.0,3436100
2014-05-16,53976.0,3541400
2014-05-19,53353.0,3089500
2014-05-20,52366.0,3948600
2014-05-21,52203.0,3248100
2014-05-22,52806.0,2941400
2014-05-23,52626.0,2462300
2014-05-26,52932.0,1186800
2014-05-27,52172.0,2894700
2014-05-28,52640.0,2842500
2014-05-29,52239.0,2394300
2014-05-30,51239.0,4533200
2014-06-02,51606.0,2597900
2014-06-03,52032.0,2859400
2014-06-04,51833.0,2571500
2014-06-05,51559.0,2890000
2014-06-06,53129.0,4298400
2014-06-09,54273.0,3660000
2014-06-10,54604.0,3729900
2014-06-11,55102.0,3796000
2014-06-13,54807.0,2664400
2014-06-16,54630.0,2637400
2014-06-17,54300.0,1588400
2014-06-18,55203.0,3265400
2014-06-20,54638.0,2347800
2014-06-23,54210.0,1403100
2014-06-24,54281.0,3121500
2014-06-25,53426.0,2953100
2014-06-26,53506.0,2241300
2014-06-27,53157.0,2370800
2014-06-30,53168.0,2448700
2014-07-01,53171.0,2693300
2014-07-02,53029.0,3156000
2014-07-03,53875.0,3302900
2014-07-04,54055.0,753800
2014-07-07,53802.0,2194500
2014-07-08,53635.0,1854600
2014-07-10,54593.0,4720300
2014-07-11,54786.0,3377200
2014-07-14,55744.0,4170300
2014-07-15,55974.0,3222300
2014-07-16,55717.0,4094500
2014-07-17,55638.0,3975700
2014-07-18,57013.0,5296300
2014-07-21,57634.0,3034800
2014-07-22,57983.0,3010300
2014-07-23,57420.0,2735100
2014-07-24,57978.0,3040100
2014-07-25,57821.0,2422200
2014-07-28,57696.0,2366800
2014-07-29,57119.0,2702100
2014-07-30,56878.0,2446200
2014-07-31,55829.0,3488600
2014-08-01,55903.0,3229100
2014-08-04,56616.0,2195100
2014-08-05,56202.0,3752600
2014-08-06,56487.0,4006200
2014-08-07,56188.0,3049200
2014-08-08,55573.0,3017300
2014-08-11,56613.0,2672500
2014-08-12,56442.0,2145000
2014-08-13,55581.0,4810800
2014-08-14,55780.0,3045400
2014-08-15,56964.0,3437700
2014-08-18,57561.0,3268300
2014-08-19,58449.0,3485000
2014-08-20,58878.0,3300100
2014-08-21,58992.0,3322000
2014-08-22,58407.0,2327300
2014-08-25,59735.0,2875600
2014-08-26,59821.0,4014100
2014-08-27,60951.0,5389100
2014-08-28,60291.0,4462600
2014-08-29,61288.0,4942400
2014-09-01,61141.0,2769100
2014-09-02,61896.0,3995800
2014-09-03,61837.0,4164300
2014-09-04,60800.0,4010700
2014-09-05,60681.0,3808600
2014-09-08,59193.0,4386000
2014-09-09,58676.0,4461200
2014-09-10,58199.0,3805800
2014-09-11,58337.0,2893100
2014-09-12,56928.0,4620200
2014-09-15,57949.0,2902300
2014-09-16,59115.0,4876300
2014-09-17,59108.0,3525800
2014-09-18,58374.0,3848200
2014-09-19,57789.0,3464700
2014-09-22,56818.0,3814900
2014-09-23,56541.0,3317200
2014-09-24,56824.0,2848300
2014-09-25,55962.0,2845400
2014-09-26,57212.0,2982200
2014-09-29,54625.0,5186400
2014-09-30,54116.0,5222300
2014-10-01,52858.0,4918800
2014-10-02,53519.0,3986300
2014-10-03,54540.0,3708600
2014-10-06,57116.0,6714000
2014-10-07,57436.0,4874100
2014-10-08,57058.0,4807200
2014-10-09,57268.0,4503200
2014-10-10,55312.0,3635700
2014-10-13,57957.0,4544400
2014-10-14,58015.0,3904700
2014-10-15,56135.0,5671200
2014-10-16,54298.0,5427800
2014-10-17,55724.0,4406300
2014-10-20,54303.0,3868300
2014-10-21,52432.0,6578000
2014-10-22,52411.0,3755400
2014-10-23,50713.0,6346100
2014-10-24,51941.0,5852100
2014-10-27,50504.0,7999300
2014-10-28,52330.0,5761300
2014-10-29,51049.0,4915300
2014-10-30,52337.0,4299700
2014-10-31,54629.0,5348200
2014-11-03,53947.0,3665200
2014-11-04,54384.0,3529800
2014-11-05,53698.0,2901600
2014-11-06,52637.0,3692500
2014-11-07,53223.0,3592600
2014-11-10,52725.0,2973700
2014-11-11,52474.0,2678500
2014-11-12,52979.0,3198600
2014-11-13,51846.0,3032900
2014-11-14,51772.0,3789300
2014-11-17,51257.0,2824600
2014-11-18,52062.0,3639700
2014-11-19,53403.0,4251300
2014-11-21,56084.0,6026200
2014-11-24,55407.0,4588700
2014-11-25,55561.0,5033200
2014-11-26,55098.0,3033300
2014-11-27,54721.0,2292700
2014-11-28,54664.0,2637700
2014-12-01,52276.0,4312800
2014-12-02,51612.0,3296400
2014-12-03,52320.0,2724600
2014-12-04,51427.0,2913300
2014-12-05,51992.0,2530100
2014-12-08,50274.0,3302600
2014-12-09,50193.0,3852900
2014-12-10,49548.0,3168900
2014-12-11,49861.0,3828900
2014-12-12,48002.0,3756700
2014-12-15,47019.0,4685700
2014-12-16,47008.0,5339900
2014-12-17,48714.0,6209500
2014-12-18,48496.0,4240500
2014-12-19,49651.0,3620400
2014-12-22,50121.0,2675200
2014-12-23,50890.0,2668300
2014-12-26,50145.0,1911100
2014-12-29,50594.0,1852500
2014-12-30,50007.0,2925300
2015-01-02,48512.0,2882100
2015-01-05,47517.0,3866100
2015-01-06,48001.0,4559300
2015-01-07,49463.0,4408800
2015-01-08,49943.0,3621900
2015-01-09,48840.0,2999200
2015-01-12,48140.0,3246100
2015-01-13,48042.0,3881600
2015-01-14,47646.0,3697200
2015-01-15,48026.0,4463600
2015-01-16,49017.0,3344900
2015-01-19,47758.0,2096000
2015-01-20,47877.0,2899100
2015-01-21,49224.0,3561400
2015-01-22,49443.0,4952300
2015-01-23,48775.0,3081600
2015-01-26,48577.0,2774200
2015-01-27,48591.0,3890900
2015-01-28,47695.0,4241400
2015-01-29,47762.0,4405500
2015-01-30,46908.0,4846600
2015-02-02,47651.0,3247800
2015-02-03,48964.0,4819800
2015-02-04,49301.0,4811300
2015-02-05,49234.0,4004000
2015-02-06,48792.0,4591400
2015-02-09,49383.0,3658900
2015-02-10,48510.0,3796000
2015-02-11,48240.0,4307600
2015-02-12,49533.0,3828500
2015-02-13,50636.0,3888100
2015-02-18,51280.0,2940700
2015-02-19,51294.0,2485100
2015-02-20,51238.0,2208700
2015-02-23,51281.0,2824500
2015-02-24,51874.0,3004200
2015-02-25,51811.0,3477200
2015-02-26,51761.0,3239000
2015-02-27,51583.0,4177300
2015-03-02,51021.0,2793700
2015-03-03,51304.0,2746200
2015-03-04,50468.0,3654700
2015-03-05,50365.0,2732500
2015-03-06,49981.0,2787800
2015-03-09,49181.0,3299100
2015-03-10,48293.0,4434300
2015-03-11,48906.0,3839700
2015-03-12,48880.0,3833200
2015-03-13,48596.0,4475600
2015-03-16,48848.0,3155400
2015-03-17,50285.0,4013900
2015-03-18,51526.0,4458900
2015-03-19,50954.0,3263600
2015-03-20,51967.0,4916800
2015-03-23,51908.0,3397500
2015-03-24,51506.0,3436500
2015-03-25,51858.0,4774600
2015-03-26,50580.0,3638500
2015-03-27,50095.0,3927700
2015-03-30,51243.0,2798500
2015-03-31,51150.0,3511300
2015-04-01,52322.0,4411500
2015-04-02,53123.0,4266500
2015-04-06,53737.0,3322100
2015-04-07,53729.0,3487100
2015-04-08,53661.0,4780400
2015-04-09,53803.0,4338300
2015-04-10,54214.0,3683000
2015-04-13,54240.0,3660300
2015-04-14,53982.0,3747100
2015-04-15,54919.0,4069600
2015-04-16,54674.0,4133000
2015-04-17,53955.0,3537200
2015-04-20,53761.0,2688000
2015-04-22,54617.0,3700600
2015-04-23,55685.0,5535100
2015-04-24,56594.0,4982000
2015-04-27,55535.0,3854300
2015-04-28,55812.0,4082600
2015-04-29,55325.0,3888400
2015-04-30,56229.0,4947500
2015-05-04,57354.0,3492600
2015-05-05,58052.0,3903800
2015-05-06,57103.0,4598400
2015-05-07,56921.0,3065100
2015-05-08,57149.0,3410900
2015-05-11,57197.0,2966300
2015-05-12,56792.0,3087600
2015-05-13,56372.0,3071700
2015-05-14,56657.0,3209800
2015-05-15,57249.0,2894400
2015-05-18,56204.0,3778400
2015-05-19,55499.0,3223000
2015-05-20,54901.0,3278700
2015-05-21,55112.0,3303700
2015-05-22,54377.0,3689100
2015-05-25,54609.0,1604600
2015-05-26,53630.0,3324200
2015-05-27,54236.0,3475600
2015-05-28,53976.0,2914500
2015-05-29,52760.0,5553300
2015-06-01,53031.0,2675400
2015-06-02,54236.0,3476000
2015-06-03,53523.0,3317500
2015-06-05,52973.0,2729100
2015-06-08,52810.0,2582500
2015-06-09,52816.0,3678000
2015-06-10,53876.0,3587500
2015-06-11,53689.0,3093500
2015-06-12,53348.0,2379500
2015-06-15,53138.0,2607700
2015-06-16,53702.0,3280300
2015-06-17,53249.0,2993200
2015-06-18,54239.0,2665000
2015-06-19,53749.0,2948200
2015-06-22,53864.0,2354400
2015-06-23,53772.0,2625300
2015-06-24,53843.0,2731100
2015-06-25,53176.0,3234900
2015-06-26,54017.0,2705400
2015-06-29,53014.0,2550600
2015-06-30,53081.0,3021100
2015-07-01,52758.0,2714000
2015-07-02,53106.0,2998100
2015-07-03,52519.0,1498600
2015-07-06,52149.0,2573500
2015-07-07,52344.0,3538900
2015-07-08,51782.0,2880300
2015-07-10,52591.0,2678700
2015-07-13,53119.0,2606900
2015-07-14,53239.0,2740900
2015-07-15,52902.0,2533600
2015-07-16,53070.0,2075700
2015-07-17,52342.0,2440800
2015-07-20,51600.0,2635000
2015-07-21,51474.0,2942600
2015-07-22,50916.0,3123300
2015-07-23,49807.0,4181500
2015-07-24,49246.0,3632500
2015-07-27,48736.0,3489100
2015-07-28,49602.0,4137600
2015-07-29,50245.0,3746800
2015-07-30,49897.0,3261200
2015-07-31,50865.0,3142200
2015-08-03,50138.0,2613200
2015-08-04,50058.0,2670400
2015-08-05,50287.0,2662100
2015-08-06,50011.0,3640800
2015-08-07,48577.0,3218400
2015-08-10,49353.0,2842100
2015-08-11,49072.0,3288000
2015-08-12,48388.0,4234500
2015-08-13,48010.0,3186500
2015-08-14,47508.0,2878900
2015-08-17,47217.0,2411800
2015-08-18,47451.0,3544600
2015-08-19,46588.0,3236800
2015-08-20,46649.0,2945700
2015-08-21,45720.0,2869600
2015-08-24,44336.0,4727700
2015-08-25,44545.0,3726600
2015-08-26,46038.0,3739600
2015-08-27,47715.0,4252000
2015-08-28,47154.0,3778600
2015-08-31,46626.0,4667300
2015-09-01,45477.0,3665000
2015-09-02,46464.0,3740100
2015-09-03,47366.0,4103000
2015-09-04,46498.0,4174900
2015-09-08,46762.0,2851000
2015-09-09,46657.0,3699200
2015-09-10,46504.0,4483200
2015-09-11,46401.0,3615300
2015-09-14,47282.0,3579400
2015-09-15,47364.0,3562000
2015-09-16,48553.0,4320300
2015-09-17,48551.0,4184700
2015-09-18,47264.0,4381000
2015-09-21,46590.0,2601200
2015-09-22,46265.0,4193100
2015-09-23,45340.0,3962000
2015-09-24,45292.0,4331700
2015-09-25,44831.0,3135300
2015-09-28,43957.0,2771900
2015-09-29,44132.0,2960700
2015-09-30,45059.0,4831200
2015-10-01,45313.0,3773200
2015-10-02,47033.0,4001300
2015-10-05,47598.0,3323700
2015-10-06,47735.0,3370800
2015-10-07,48914.0,6060700
2015-10-08,49107.0,3585000
2015-10-09,49338.0,4551200
2015-10-13,47363.0,4221100
2015-10-14,46710.0,6141700
2015-10-15,47161.0,3653000
2015-10-16,47236.0,3537700
2015-10-19,47447.0,3133600
2015-10-20,47077.0,3297000
2015-10-21,47026.0,2957300
2015-10-22,47772.0,3124100
2015-10-23,47597.0,3592300
2015-10-26,47209.0,2451400
2015-10-27,47043.0,3443800
2015-10-28,46741.0,4085200
2015-10-29,45628.0,3082000
2015-10-30,45869.0,3231400
2015-11-03,48054.0,4603800
2015-11-04,47710.0,3627200
2015-11-05,48047.0,3189000
2015-11-06,46919.0,3091100
2015-11-09,46195.0,2278500
2015-11-10,46179.0,2401800
2015-11-11,47065.0,3071700
2015-11-12,46884.0,3154200
2015-11-13,46517.0,3517200
2015-11-16,46847.0,3144900
2015-11-17,47248.0,3341700
2015-11-18,47436.0,3965500
2015-11-19,48139.0,4069100
2015-11-23,48150.0,3277600
2015-11-24,48284.0,3445700
2015-11-25,46867.0,3976000
2015-11-26,47146.0,2288300
2015-11-27,45873.0,3031900
2015-11-30,45120.0,7164800
2015-12-01,45047.0,4176300
2015-12-02,44915.0,4179400
2015-12-03,46393.0,4421500
2015-12-04,45361.0,3520900
2015-12-07,45223.0,2853300
2015-12-08,44443.0,3203200
2015-12-09,46108.0,4446400
2015-12-10,45631.0,3638300
2015-12-11,45263.0,3281900
2015-12-14,44747.0,2481600
2015-12-15,44872.0,2558500
2015-12-16,45016.0,3324300
2015-12-17,45261.0,3028800
2015-12-18,43911.0,4564700
2015-12-21,43200.0,3452900
2015-12-22,43470.0,2577000
2015-12-23,44015.0,2501300
2015-12-28,43764.0,1793200
2015-12-29,43654.0,1675900
2015-12-30,43350.0,2679200
2016-01-04,42141.0,2976300
2016-01-05,42419.0,2557200
2016-01-06,41773.0,3935900
2016-01-07,40695.0,4032300
2016-01-08,40612.0,3221600
2016-01-11,39950.0,3086400
2016-01-12,39514.0,3383700
2016-01-13,38944.0,3569600
2016-01-14,39500.0,3868600
2016-01-15,38569.0,4076400
2016-01-18,37937.0,2161200
2016-01-19,38057.0,3044900
2016-01-20,37645.0,3958400
2016-01-21,37717.0,3773600
2016-01-22,38031.0,4197500
2016-01-26,37497.0,3607000
2016-01-27,38376.0,4648600
2016-01-28,38630.0,4464600
2016-01-29,40406.0,5475700
2016-02-01,40570.0,3661700
2016-02-02,38596.0,4425300
2016-02-03,39589.0,4238100
2016-02-04,40822.0,5388500
2016-02-05,40592.0,3669000
2016-02-10,40377.0,3700000
2016-02-11,39318.0,3794000
2016-02-12,39808.0,3327800
2016-02-15,40093.0,1694300
2016-02-16,40948.0,3921300
2016-02-17,41631.0,5307100
2016-02-18,41478.0,3534900
2016-02-19,41543.0,3298700
2016-02-22,43235.0,4508500
2016-02-23,42521.0,3805300
2016-02-24,42085.0,3522700
2016-02-25,41888.0,4046700
2016-02-26,41593.0,3274600
2016-02-29,42794.0,4473500
2016-03-01,44122.0,4610100
2016-03-02,44893.0,5009600
2016-03-03,47193.0,9031000
2016-03-04,49085.0,10284300
2016-03-07,49246.0,5720600
2016-03-08,49102.0,7150500
2016-03-09,48665.0,6230600
2016-03-10,49571.0,7467200
2016-03-11,49639.0,6002200
2016-03-14,48867.0,4801100
2016-03-15,47130.0,5502200
2016-03-16,47763.0,5111000
2016-03-17,50914.0,7245100
2016-03-18,50815.0,5448400
2016-03-21,51172.0,3708500
2016-03-22,51010.0,3896600
2016-03-23,49690.0,3638700
2016-03-24,49657.0,3688400
2016-03-28,50838.0,3515800
2016-03-29,51155.0,4320900
2016-03-30,51249.0,4730600
2016-03-31,50055.0,4251900
2016-04-01,50562.0,3890600
2016-04-04,48780.0,3556500
2016-04-05,49054.0,3546100
2016-04-06,48096.0,3810000
2016-04-07,48513.0,3059900
2016-04-08,50293.0,5047700
2016-04-11,50165.0,4050700
2016-04-12,52002.0,5146900
2016-04-13,53150.0,6376500
2016-04-14,52411.0,5492100
2016-04-15,53228.0,5047800
2016-04-18,52894.0,4385600
2016-04-19,53710.0,5033900
2016-04-20,53631.0,4554100
2016-04-22,52908.0,4259400
2016-04-25,51862.0,3693200
2016-04-26,53083.0,3749400
2016-04-27,54478.0,4897900
2016-04-28,54312.0,4413500
2016-04-29,53911.0,4898400
2016-05-02,53562.0,3286100
2016-05-03,52260.0,3892400
2016-05-04,52553.0,4263800
2016-05-05,51671.0,3653100
2016-05-06,51718.0,3296100
2016-05-09,50990.0,4938400
2016-05-10,53071.0,4079200
2016-05-11,52764.0,4350000
2016-05-12,53241.0,4630400
2016-05-13,51804.0,4314300
2016-05-16,51803.0,3529500
2016-05-17,50839.0,3871100
2016-05-18,50562.0,4072500
2016-05-19,50133.0,3905500
2016-05-20,49723.0,3254500
2016-05-23,49330.0,3412800
2016-05-24,49345.0,3138900
2016-05-25,49483.0,3472600
2016-05-27,49051.0,2711800
2016-05-30,48964.0,1169200
2016-05-31,48472.0,5802800
2016-06-01,49013.0,3290000
2016-06-02,49887.0,3525800
2016-06-03,50619.0,3329400
2016-06-06,50432.0,3111900
2016-06-07,50488.0,2958800
2016-06-08,51629.0,4206400
2016-06-09,51118.0,3213200
2016-06-10,49422.0,2977400
2016-06-13,49661.0,2630500
2016-06-14,48648.0,3885000
2016-06-15,48915.0,5009800
2016-06-16,49412.0,3887200
2016-06-17,49534.0,4248900
2016-06-20,50329.0,3487000
2016-06-21,50838.0,3349200
2016-06-22,50156.0,3632900
2016-06-23,51560.0,3166800
2016-06-24,50105.0,4139100
2016-06-27,49246.0,3228500
2016-06-28,50007.0,3406400
2016-06-29,51002.0,3970100
2016-06-30,51527.0,4377800
2016-07-01,52233.0,4116100
2016-07-04,52569.0,2081800
2016-07-05,51842.0,3121400
2016-07-06,51902.0,3277000
2016-07-07,52015.0,3712200
2016-07-08,53141.0,2995500
2016-07-11,53960.0,3206300
2016-07-12,54256.0,3878700
2016-07-13,54598.0,4037100
2016-07-14,55481.0,4408500
2016-07-15,55578.0,3684500
2016-07-18,56484.0,3984500
2016-07-19,56698.0,3794000
2016-07-20,56578.0,3865800
2016-07-21,56641.0,3486900
2016-07-22,57002.0,2912000
2016-07-25,56873.0,3126900
2016-07-26,56783.0,3351800
2016-07-27,56853.0,3795700
2016-07-28,56667.0,3912600
2016-07-29,57308.0,4416500
2016-08-01,56756.0,4088000
2016-08-02,56162.0,3857700
2016-08-03,57077.0,4058600
2016-08-04,57594.0,4192000
2016-08-05,57661.0,3354600
2016-08-08,57635.0,3153800
2016-08-09,57689.0,3049900
2016-08-10,56920.0,3510600
2016-08-11,58300.0,3905700
2016-08-12,58298.0,3811800
2016-08-15,59146.0,3487200
2016-08-16,58855.0,3874400
2016-08-17,59324.0,4179800
2016-08-18,59166.0,3608700
2016-08-19,59099.0,2661700
2016-08-22,57781.0,3133500
2016-08-23,58020.0,3635900
2016-08-24,57718.0,3221400
2016-08-25,57722.0,2974200
2016-08-26,57716.0,3611600
2016-08-29,58610.0,2759700
2016-08-30,58575.0,2729400
2016-08-31,57901.0,4077700
2016-09-01,58236.0,3687600
2016-09-02,59616.0,3771500
2016-09-05,59566.0,1824900
2016-09-06,60129.0,3150500
2016-09-08,60232.0,3843900
2016-09-09,58000.0,3992900
2016-09-12,58586.0,3529200
2016-09-13,56821.0,4377800
2016-09-14,57059.0,3329100
2016-09-15,57909.0,2812000
2016-09-16,57080.0,3710700
2016-09-19,57350.0,2691100
2016-09-20,57736.0,3001000
2016-09-21,58394.0,3889700
2016-09-22,58994.0,3365300
2016-09-23,58697.0,2809900
2016-09-26,58054.0,2108800
2016-09-27,58382.0,2953400
2016-09-28,59356.0,3233400
2016-09-29,58351.0,3200300
2016-09-30,58367.0,2858200
2016-10-03,59461.0,2774100
2016-10-04,59339.0,3894600
2016-10-05,60254.0,3378900
2016-10-06,60644.0,3507200
2016-10-07,61109.0,4243800
2016-10-10,61668.0,2936900
2016-10-11,61022.0,3568000
2016-10-13,61119.0,4952700
2016-10-14,61767.0,3691200
2016-10-17,62696.0,3340700
2016-10-18,63782.0,4390300
2016-10-19,63506.0,3614000
2016-10-20,63838.0,3421500
2016-10-21,64108.0,3662900
2016-10-24,64060.0,3663900
2016-10-25,63866.0,3918100
2016-10-26,63826.0,4299200
2016-10-27,64250.0,3587500
2016-10-28,64308.0,3788500
2016-10-31,64925.0,3816900
2016-11-01,63326.0,4505600
2016-11-03,61750.0,4124000
2016-11-04,61598.0,3972500
2016-11-07,64052.0,3325900
2016-11-08,64158.0,3265100
2016-11-09,63258.0,5630100
2016-11-10,61201.0,7623700
2016-11-11,59184.0,7572800
2016-11-14,59657.0,5408500
2016-11-16,60759.0,4582900
2016-11-17,59770.0,3531300
2016-11-18,59962.0,3462400
2016-11-21,61070.0,3520100
2016-11-22,61954.0,3987100
2016-11-23,61986.0,3489700
2016-11-24,61396.0,1647100
2016-11-25,61559.0,2653700
2016-11-28,62855.0,2752000
2016-11-29,60987.0,3423900
2016-11-30,61906.0,4587300
2016-12-01,59507.0,5352800
2016-12-02,60316.0,4344200
2016-12-05,59832.0,2861200
2016-12-06,61088.0,3606500
2016-12-07,61414.0,3841700
2016-12-08,60677.0,2936600
2016-12-09,60501.0,3339800
2016-12-12,59179.0,3244400
2016-12-13,59281.0,3589100
2016-12-14,58212.0,3857000
2016-12-15,58396.0,3569400
2016-12-16,58389.0,3683900
2016-12-19,57111.0,3396500
2016-12-20,57583.0,2673400
2016-12-21,57647.0,2461900
2016-12-22,57255.0,2809800
2016-12-23,57937.0,2155400
2016-12-26,58620.0,680200
2016-12-27,58697.0,1624700
2016-12-28,59782.0,1960500
2016-12-29,60227.0,2119500
2017-01-02,59589.0,808700
2017-01-03,61814.0,3328300
2017-01-04,61589.0,2840800
2017-01-05,62071.0,3313000
2017-01-06,61665.0,2374800
2017-01-09,61700.0,2480800
2017-01-10,62132.0,2623400
2017-01-11,62446.0,3139800
2017-01-12,63954.0,4535000
2017-01-13,63652.0,2735500
2017-01-16,63831.0,1763700
2017-01-17,64354.0,2933800
2017-01-18,64150.0,3008900
2017-01-19,63951.0,2867100
2017-01-20,64521.0,3416700
2017-01-23,65749.0,2957000
2017-01-24,65840.0,3850500
2017-01-26,66191.0,3494100
2017-01-27,66034.0,2583400
2017-01-30,64302.0,2264300
2017-01-31,64671.0,2737700
2017-02-01,64836.0,3214300
2017-02-02,64578.0,2959200
2017-02-03,64954.0,3482700
2017-02-06,63993.0,2551400
2017-02-07,64199.0,2776200
2017-02-08,64835.0,3138600
2017-02-09,64965.0,2641700
2017-02-10,66125.0,3439000
2017-02-13,66968.0,3108800
2017-02-14,66713.0,3370900
2017-02-15,67976.0,4119600
2017-02-16,67814.0,3550800
2017-02-17,67748.0,2787300
2017-02-20,68533.0,2171300
2017-02-21,69052.0,3051100
2017-02-22,68590.0,3374600
2017-02-23,67461.0,3977800
2017-02-24,66662.0,3059900
2017-03-01,66989.0,2378500
2017-03-02,65855.0,3095300
2017-03-03,66786.0,2654400
2017-03-06,66341.0,3337500
2017-03-07,65742.0,2886200
2017-03-08,64718.0,3727200
2017-03-09,64585.0,3513300
2017-03-10,64675.0,3432900
2017-03-13,65534.0,2162800
2017-03-14,64699.0,2824800
2017-03-15,66235.0,3742100
2017-03-16,65783.0,2860400
2017-03-17,64210.0,5213000
2017-03-20,64884.0,3613900
2017-03-21,62980.0,3700200
2017-03-22,63521.0,4063300
2017-03-23,63531.0,3447400
2017-03-24,63854.0,2571200
2017-03-27,64308.0,2672800
2017-03-28,64640.0,3359100
2017-03-29,65528.0,3488200
2017-03-30,65266.0,2335700
2017-03-31,64984.0,2614200
2017-04-03,65211.0,2858500
2017-04-04,65769.0,2085300
2017-04-05,64775.0,2982200
2017-04-06,64223.0,2875000
2017-04-07,64593.0,2853100
2017-04-10,64650.0,2984000
2017-04-11,64360.0,3178400
2017-04-12,63892.0,4253500
2017-04-13,62826.0,3212900
2017-04-17,64335.0,0
2017-04-18,64159.0,3144800
2017-04-19,63407.0,3069500
2017-04-20,63761.0,2899700
2017-04-24,64389.0,3194100
2017-04-25,65148.0,3037200
2017-04-26,64862.0,3221600
2017-04-27,64677.0,3112100
2017-04-28,65403.0,2973700
2017-05-02,66722.0,3497000
2017-05-03,66094.0,3446400
2017-05-04,64863.0,3779900
2017-05-05,65710.0,2760000
2017-05-08,65526.0,2273300
2017-05-09,66278.0,2679100
2017-05-10,67350.0,3174100
2017-05-11,67538.0,2872600
2017-05-12,68222.0,3822600
2017-05-15,68474.0,3290300
2017-05-16,68684.0,3672400
2017-05-17,67540.0,3317200
2017-05-18,61597.0,11046700
2017-05-19,62639.0,6120800
2017-05-22,61673.0,5815800
2017-05-23,62662.0,4753500
2017-05-24,63257.0,4181200
2017-05-25,63227.0,4001000
2017-05-26,64085.0,3849400
2017-05-29,63761.0,1646300
2017-05-30,63962.0,2235300
2017-05-31,62711.0,4535100
2017-06-01,62289.0,3370200
2017-06-02,62511.0,2874500
2017-06-05,62450.0,2421700
2017-06-06,62955.0,2993300
2017-06-07,63171.0,2892300
2017-06-08,62756.0,2702400
2017-06-09,62211.0,3099900
2017-06-12,61700.0,3026600
2017-06-13,61829.0,2469100
2017-06-14,61923.0,4328500
2017-06-16,61626.0,5088000
2017-06-19,62014.0,2752600
2017-06-20,60766.0,3956200
2017-06-21,60762.0,3274700
2017-06-22,61272.0,3066900
2017-06-23,61087.0,2836700
2017-06-26,62188.0,2599200
2017-06-27,61675.0,3275700
2017-06-28,62018.0,2719100
2017-06-29,62239.0,2915500
2017-06-30,62900.0,2688200
2017-07-03,63280.0,2086300
2017-07-04,63232.0,950700
2017-07-05,63154.0,3169900
2017-07-06,62470.0,3038700
2017-07-07,62322.0,2894200
2017-07-10,63025.0,2224000
2017-07-11,63832.0,2566700
2017-07-12,64836.0,4116300
2017-07-13,65178.0,3121700
2017-07-14,65436.0,2711600
2017-07-17,65212.0,2255300
2017-07-18,65338.0,2213500
2017-07-19,65180.0,2622700
2017-07-20,64938.0,2252900
2017-07-21,64684.0,2125500
2017-07-24,65100.0,1908900
2017-07-25,65668.0,2737400
2017-07-26,65011.0,2942300
2017-07-27,65277.0,2483900
2017-07-28,65497.0,2760700
2017-07-31,65920.0,2572700
2017-08-01,66516.0,2762600
2017-08-02,67136.0,3713700
2017-08-03,66777.0,2722400
2017-08-04,66898.0,2370900
2017-08-07,67940.0,2996800
2017-08-08,67899.0,3134300
2017-08-09,67671.0,2488000
2017-08-10,66992.0,2820800
2017-08-11,67359.0,2890000
2017-08-14,68285.0,2827300
2017-08-15,68355.0,2753200
2017-08-16,68594.0,3753400
2017-08-17,67977.0,2661800
2017-08-18,68715.0,3464800
2017-08-21,68635.0,2643300
2017-08-22,70011.0,3907500
2017-08-23,70478.0,3348400
2017-08-24,71133.0,3113000
2017-08-25,71074.0,2411000
2017-08-28,71017.0,2196400
2017-08-29,71330.0,2274700
2017-08-30,70886.0,2663200
2017-08-31,70835.0,4245100
2017-09-01,71923.0,3880900
2017-09-04,72129.0,1998000
2017-09-05,72151.0,4230900
2017-09-06,73412.0,4242500
2017-09-08,73079.0,3114100
2017-09-11,74319.0,3283100
2017-09-12,74539.0,3591700
2017-09-13,74788.0,3212500
2017-09-14,74657.0,3206100
2017-09-15,75757.0,4825000
2017-09-18,75990.0,3437400
2017-09-19,75974.0,3026100
2017-09-20,76004.0,3890900
2017-09-21,75604.0,3228500
2017-09-22,75390.0,2801700
2017-09-25,74443.0,3376500
2017-09-26,74319.0,3565400
2017-09-27,73797.0,3788600
2017-09-28,73567.0,3082900
2017-09-29,74294.0,3126600
2017-10-02,74360.0,2512000
2017-10-03,76763.0,3816900
2017-10-04,76591.0,3119500
2017-10-05,76618.0,4112900
2017-10-06,76055.0,2994300
2017-10-09,75727.0,2335300
2017-10-10,76897.0,3489200
2017-10-11,76660.0,3781500
2017-10-13,76990.0,3200100
2017-10-16,76892.0,3075600
2017-10-17,76201.0,2771100
2017-10-18,76591.0,3156800
2017-10-19,76283.0,2509800
2017-10-20,76391.0,2645300
2017-10-23,75413.0,2631800
2017-10-24,76350.0,3047500
2017-10-25,76671.0,2953800
2017-10-26,75896.0,2901100
2017-10-27,75976.0,3434400
2017-10-30,74800.0,3811600
2017-10-31,74308.0,3545700
2017-11-01,73824.0,3668100
2017-11-03,73915.0,4386900
2017-11-06,74311.0,3297400
2017-11-07,72415.0,4888900
2017-11-08,74363.0,3408800
2017-11-09,72931.0,3303800
2017-11-10,72166.0,3140100
2017-11-13,72475.0,2783400
2017-11-14,70827.0,4352600
2017-11-16,72512.0,3340900
2017-11-17,73437.0,2749700
2017-11-21,74595.0,3539600
2017-11-22,74519.0,3410600
2017-11-23,74487.0,1556800
2017-11-24,74157.0,2510300
2017-11-27,74059.0,2810800
2017-11-28,74140.0,3030700
2017-11-29,72700.0,3639400
2017-11-30,71971.0,5348800
2017-12-01,72264.0,3003100
2017-12-04,73090.0,3038600
2017-12-05,72546.0,2913300
2017-12-06,73268.0,3099300
2017-12-07,72487.0,3260800
2017-12-08,72732.0,3085600
2017-12-11,72800.0,2450200
2017-12-12,73814.0,2956100
2017-12-13,72914.0,4494700
2017-12-14,72429.0,3491800
2017-12-15,72608.0,4659500
2017-12-18,73115.0,3202900
2017-12-19,72680.0,2351600
2017-12-20,73367.0,2219600
2017-12-21,75133.0,3056400
2017-12-22,75187.0,1906900
2017-12-26,75688.0,1579700
2017-12-27,76073.0,1792200
2017-12-28,76402.0,2083000
2017-12-29,76402.0,0
2018-01-02,77891.0,2880300
2018-01-03,77995.0,3142200
2018-01-04,78647.0,3486100
2018-01-05,79071.0,2747100
2018-01-08,79379.0,2550800
2018-01-09,78864.0,3458600
2018-01-10,78201.0,2759900
2018-01-11,79365.0,3409400
2018-01-12,79349.0,3577800
2018-01-15,79752.0,1941000
2018-01-16,79832.0,2982500
2018-01-17,81189.0,3341200
2018-01-18,80963.0,3429600
2018-01-19,81220.0,3123200
2018-01-22,81675.0,2693000
2018-01-23,80678.0,3711200
2018-01-24,83680.0,5503700
2018-01-26,85531.0,5410600
2018-01-29,84698.0,3889600
2018-01-30,84482.0,3566000
2018-01-31,84913.0,4233500
2018-02-01,85495.0,4085300
2018-02-02,84041.0,3376900
2018-02-05,81861.0,3253600
2018-02-06,83894.0,5599100
2018-02-07,82767.0,3886000
2018-02-08,81533.0,4011400
2018-02-09,80899.0,4283400
2018-02-14,83543.0,3910700
2018-02-15,84291.0,3489300
2018-02-16,84525.0,3475800
2018-02-19,84793.0,2088900
2018-02-20,85804.0,4078100
2018-02-21,86052.0,4815500
2018-02-22,86686.0,3535700
2018-02-23,87293.0,4178600
2018-02-26,87653.0,4047100
2018-02-27,86935.0,3534700
2018-02-28,85481.0,5947100
2018-03-01,85378.0,4341300
2018-03-02,85761.0,3884300
2018-03-05,86023.0,3425200
2018-03-06,85653.0,3608600
2018-03-07,85484.0,3456800
2018-03-08,84985.0,3694700
2018-03-09,86371.0,3481500
2018-03-12,86900.0,2602900
2018-03-13,86384.0,2735800
2018-03-14,86051.0,2561000
2018-03-15,84928.0,3840100
2018-03-16,84886.0,5446200
2018-03-19,83913.0,3330600
2018-03-20,84164.0,2682000
2018-03-21,84977.0,3260900
2018-03-22,84768.0,3241700
2018-03-23,84377.0,3176900
2018-03-26,85088.0,2355600
2018-03-27,83808.0,2948400
2018-03-28,83874.0,2911400
2018-03-29,85366.0,3150300
2018-04-02,84666.0,2598500
2018-04-03,84623.0,2579000
2018-04-04,84360.0,2948300
2018-04-05,85210.0,4257700
2018-04-06,84820.0,3069100
2018-04-09,83307.0,3174800
2018-04-10,84510.0,3518700
2018-04-11,85246.0,3370600
2018-04-12,85444.0,2837000
2018-04-13,84334.0,3504200
2018-04-16,82862.0,2913400
2018-04-17,84086.0,2628600
2018-04-18,85776.0,4196900
2018-04-19,85824.0,3522500
2018-04-20,85550.0,2990100
2018-04-23,85602.0,2426000
2018-04-24,85469.0,2845000
2018-04-25,85044.0,3218400
2018-04-26,86383.0,3138000
2018-04-27,86445.0,0
2018-04-30,86115.0,2181000
2018-05-02,84547.0,3720600
2018-05-03,83288.0,3977800
2018-05-04,83118.0,3472900
2018-05-07,82714.0,2843000
2018-05-08,82956.0,3949500
2018-05-09,84265.0,4695400
2018-05-10,85861.0,4611100
2018-05-11,85220.0,4379700
2018-05-14,85232.0,4080700
2018-05-15,85130.0,4405100
2018-05-16,86537.0,3707000
2018-05-17,83622.0,5508600
2018-05-18,83082.0,5730200
2018-05-21,81815.0,4242200
2018-05-22,82739.0,4785500
2018-05-23,80867.0,3875500
2018-05-24,80122.0,6182200
2018-05-25,78898.0,4650100
2018-05-28,75356.0,4176200
2018-05-29,76072.0,5972300
2018-05-30,76754.0,7442100
2018-06-01,77240.0,6044400
2018-06-04,78596.0,4023100
2018-06-05,76642.0,4499800
2018-06-06,76117.0,4871700
2018-06-07,73851.0,7919200
2018-06-08,72942.0,5952400
2018-06-11,72308.0,3564300
2018-06-12,72754.0,3889600
2018-06-13,72122.0,4360200
2018-06-14,71421.0,4281600
2018-06-15,70758.0,6456800
2018-06-18,69815.0,3475200
2018-06-19,71394.0,5185300
2018-06-20,72123.0,4414600
2018-06-21,70075.0,3490800
2018-06-22,70641.0,3054700
2018-06-25,70953.0,3346300
2018-06-26,71405.0,3502300
2018-06-27,70609.0,3588900
2018-06-28,71767.0,3511400
2018-06-29,72763.0,3879400
2018-07-02,72840.0,2753900
2018-07-03,73668.0,3253800
2018-07-04,74743.0,2142100
2018-07-05,74553.0,3562800
2018-07-06,75010.0,0
2018-07-10,74862.0,3901000
2018-07-11,74399.0,3766800
2018-07-12,75856.0,3508500
2018-07-13,76594.0,0
2018-07-16,76653.0,3134700
2018-07-17,78130.0,3882900
2018-07-18,77363.0,3394300
2018-07-19,77487.0,3781100
2018-07-20,78571.0,4745200
2018-07-23,77996.0,2446800
2018-07-24,79155.0,3283200
2018-07-25,80218.0,3472700
2018-07-26,79405.0,3596500
2018-07-27,79866.0,3015600
2018-07-30,80276.0,2631400
2018-07-31,79220.0,3354500
2018-08-01,79302.0,3227100
2018-08-02,79637.0,3005500
2018-08-03,81435.0,3802600
2018-08-06,81051.0,2516600
2018-08-07,80347.0,3861200
2018-08-08,79152.0,3833800
2018-08-09,78768.0,3717400
2018-08-10,76514.0,0
2018-08-13,77496.0,3958200
2018-08-14,78602.0,3713000
2018-08-15,77078.0,4386400
2018-08-16,76819.0,3285400
2018-08-17,76029.0,3742300
2018-08-20,76328.0,3578100
2018-08-21,75180.0,4077000
2018-08-22,76902.0,3610400
2018-08-23,75634.0,3866700
2018-08-24,76262.0,3159900
2018-08-27,77930.0,2750600
2018-08-28,77473.0,2964800
2018-08-29,78389.0,3127600
2018-08-30,76404.0,3546800
2018-08-31,76678.0,4145600
2018-09-03,76193.0,1673300
2018-09-04,74712.0,3162300
2018-09-05,75092.0,2830400
2018-09-06,76416.0,3298500
2018-09-10,76436.0,3105200
2018-09-11,74657.0,0
2018-09-12,75125.0,3709100
2018-09-13,74687.0,3062100
2018-09-14,75429.0,3231700
2018-09-17,76789.0,3397600
2018-09-18,78314.0,4167000
2018-09-19,78169.0,3780800
2018-09-20,78116.0,3137600
2018-09-21,79444.0,4666800
2018-09-24,77984.0,0
2018-09-25,78630.0,3700400
2018-09-26,78656.0,3735300
2018-09-27,80000.0,4475000
2018-09-28,79342.0,4061400
2018-10-01,78624.0,3134400
2018-10-02,81612.0,5929900
2018-10-03,83273.0,7618600
2018-10-04,82953.0,4935600
2018-10-05,82322.0,5394800
2018-10-08,86084.0,9999000
2018-10-09,86088.0,6461000
2018-10-10,83679.0,0
2018-10-11,82921.0,5188700
2018-10-15,83360.0,4782900
2018-10-16,85718.0,4811300
2018-10-17,85764.0,4858600
2018-10-18,83847.0,4085300
2018-10-19,84220.0,3753500
2018-10-22,85597.0,3873700
2018-10-23,85300.0,4388100
2018-10-24,83064.0,4679200
2018-10-25,84084.0,0
2018-10-26,85720.0,6471500
2018-10-29,83797.0,7733900
2018-10-30,86886.0,6556900
2018-10-31,87424.0,5889800
2018-11-01,88419.0,5878400
2018-11-05,89598.0,4620800
2018-11-06,88669.0,0
2018-11-07,87714.0,4371300
2018-11-08,85620.0,5297700
2018-11-09,85641.0,4814400
2018-11-12,85525.0,3534000
2018-11-13,84914.0,4410700
2018-11-14,85973.0,5591600
2018-11-16,88515.0,5184200
2018-11-19,87901.0,3642100
2018-11-21,87269.0,4140600
2018-11-22,87477.0,2244500
2018-11-23,86230.0,4148700
2018-11-26,85547.0,4557300
2018-11-27,87891.0,4971300
2018-11-28,89251.0,5295600
2018-11-29,89710.0,4257400
2018-11-30,89504.0,6736700
2018-12-03,89820.0,5935600
2018-12-04,88624.0,4879700
2018-12-05,89040.0,2790000
2018-12-06,88846.0,4370100
2018-12-07,88115.0,4479100
2018-12-10,85915.0,4084400
2018-12-11,86420.0,4390100
2018-12-12,86977.0,5000500
2018-12-13,87838.0,3658600
2018-12-14,87450.0,3553300
2018-12-17,86400.0,3849300
2018-12-18,86610.0,4093500
2018-12-19,85674.0,5664200
2018-12-20,85269.0,6100500
2018-12-21,85697.0,6076200
2018-12-26,85136.0,3355100
2018-12-27,85460.0,3820900
2018-12-28,87887.0,3649100
2019-01-02,91012.0,5615400
2019-01-03,91564.0,6066200
2019-01-04,91841.0,5322100
2019-01-07,91699.0,4565000
2019-01-08,92032.0,4496500
2019-01-09,93613.0,5011400
2019-01-10,93806.0,4840600
2019-01-11,93658.0,5330500
2019-01-14,94474.0,4486900
2019-01-15,94056.0,4836400
2019-01-16,94393.0,4257400
2019-01-17,95351.0,4944200
2019-01-18,96097.0,4884000
2019-01-21,96010.0,2717600
2019-01-22,95103.0,4256000
2019-01-23,96558.0,0
2019-01-24,97677.0,5019400
2019-01-28,95444.0,7185300
2019-01-29,95639.0,5262000
2019-01-30,96996.0,6164400
2019-01-31,97394.0,5976000
2019-02-01,97861.0,4301600
2019-02-04,98589.0,4278300
2019-02-05,98311.0,4773700
2019-02-06,94636.0,5458200
2019-02-07,94406.0,5612500
2019-02-08,95343.0,5302500
2019-02-11,94413.0,3767300
2019-02-12,96168.0,4915000
2019-02-13,95842.0,5814400
2019-02-14,98015.0,5222300
2019-02-15,97526.0,4586300
2019-02-18,96510.0,2837100
2019-02-19,97659.0,4830600
2019-02-20,96545.0,5906800
2019-02-21,96932.0,5814100
2019-02-22,97886.0,4426600
2019-02-25,97240.0,4360000
2019-02-26,97603.0,3555100
2019-02-27,97307.0,3873500
2019-02-28,95584.0,5365700
2019-03-01,94604.0,4054700
2019-03-06,94217.0,2715300
2019-03-07,94340.0,4104300
2019-03-08,95365.0,4054200
2019-03-11,98027.0,4251500
2019-03-12,97828.0,3832900
2019-03-13,98904.0,4812100
2019-03-14,98605.0,3584500
2019-03-15,99137.0,5136400
2019-03-18,99994.0,4204100
2019-03-19,99588.0,5231100
2019-03-20,98041.0,4633200
2019-03-21,96729.0,5321200
2019-03-22,93735.0,6001100
2019-03-25,93662.0,4508400
2019-03-26,95307.0,4660700
2019-03-27,91903.0,5726900
2019-03-28,94389.0,5192300
2019-03-29,95415.0,4674600
2019-04-01,96054.0,3753500
2019-04-02,95387.0,3713200
2019-04-03,94491.0,4308900
2019-04-04,96313.0,4086200
2019-04-05,97108.0,3689000
2019-04-08,97369.0,3430800
2019-04-09,96292.0,3733400
2019-04-10,95953.0,4574600
2019-04-11,94755.0,3530500
2019-04-12,92875.0,6712200
2019-04-15,93083.0,4629800
2019-04-16,94333.0,4581600
2019-04-17,93285.0,6458600
2019-04-18,94578.0,4933300
2019-04-22,94588.0,3176600
2019-04-23,95923.0,4309100
2019-04-24,95045.0,4658800
2019-04-25,96552.0,4878200
2019-04-26,96236.0,3767100
2019-04-29,96188.0,3225400
2019-04-30,96353.0,4228600
2019-05-02,95528.0,3863600
2019-05-03,96008.0,4014800
2019-05-06,95009.0,3216000
2019-05-07,94389.0,4907400
2019-05-08,95597.0,4916500
2019-05-09,94808.0,4152200
2019-05-10,94258.0,4097900
2019-05-13,91727.0,4662600
2019-05-14,92092.0,4045400
2019-05-15,91623.0,4791900
2019-05-16,90024.0,5570000
2019-05-17,89993.0,5342700
2019-05-20,91946.0,4620000
2019-05-21,94485.0,5397000
2019-05-22,94361.0,4232500
2019-05-23,93910.0,3787800
2019-05-24,93628.0,3484700
2019-05-27,94864.0,2544800
2019-05-28,96393.0,6383100
2019-05-29,96567.0,4559100
2019-05-30,97457.0,4398200
2019-05-31,97030.0,5089500
2019-06-03,97020.0,4547900
2019-06-04,97380.0,4293300
2019-06-05,95999.0,3769100
2019-06-06,97205.0,4054900
2019-06-07,97821.0,3718500
2019-06-10,97467.0,3584000
2019-06-11,98960.0,4922400
2019-06-12,98321.0,4948800
2019-06-13,98774.0,5594000
2019-06-14,98040.0,9184900
2019-06-17,97623.0,3926300
2019-06-18,99404.0,4524500
2019-06-19,100303.0,4411300
2019-06-21,102013.0,5490800
2019-06-24,102062.0,3559800
2019-06-25,100093.0,4469200
2019-06-26,100689.0,5013800
2019-06-27,100724.0,4154700
2019-06-28,100967.0,4079900
2019-07-01,101340.0,411600
2019-07-02,100605.0,4951600
2019-07-03,102043.0,4801200
2019-07-04,103636.0,3978700
2019-07-05,104089.0,4208400
2019-07-08,104530.0,3500300
2019-07-10,105817.0,6815700
2019-07-11,105146.0,4845300
2019-07-12,103906.0,4748000
2019-07-15,103803.0,3995500
2019-07-16,103775.0,4475800
2019-07-17,103856.0,3818300
2019-07-18,104717.0,4410900
2019-07-19,103452.0,3484400
2019-07-22,103949.0,3464400
2019-07-23,103704.0,4050300
2019-07-24,104120.0,4872700
2019-07-25,102655.0,5804700
2019-07-26,102819.0,5141400
2019-07-29,103483.0,3559900
2019-07-30,102933.0,4060500
2019-07-31,101812.0,5072900
2019-08-01,102126.0,7129100
2019-08-02,102674.0,4923500
2019-08-05,100098.0,5000400
2019-08-06,102164.0,5074800
2019-08-07,102782.0,5570600
2019-08-08,104115.0,5538300
2019-08-09,103996.0,4549300
2019-08-12,101915.0,4509700
2019-08-13,103299.0,5198900
2019-08-14,100258.0,6485200
2019-08-15,99057.0,6585300
2019-08-16,99806.0,5483400
2019-08-19,99469.0,4924000
2019-08-20,99222.0,5235200
2019-08-21,101202.0,5969700
2019-08-22,100011.0,4495500
2019-08-23,97667.0,5668800
2019-08-26,96430.0,4136800
2019-08-27,97276.0,6581700
2019-08-28,98194.0,4350800
2019-08-29,100524.0,5163300
2019-08-30,101135.0,6109600
2019-09-02,100626.0,2685400
2019-09-03,99681.0,0
2019-09-04,101201.0,4310700
2019-09-05,102243.0,4814300
2019-09-06,102935.0,3976000
2019-09-09,103181.0,5516800
2019-09-10,103032.0,5478900
2019-09-11,103446.0,4877000
2019-09-12,104371.0,4962500
2019-09-13,103501.0,4039400
2019-09-16,103680.0,6038700
2019-09-17,104617.0,4574900
2019-09-18,104532.0,3882100
2019-09-19,104339.0,4915800
2019-09-20,104817.0,6769100
2019-09-23,104638.0,6769100
2019-09-24,103876.0,3972200
2019-09-25,104481.0,4117500
2019-09-26,105319.0,4138700
2019-09-27,105078.0,3471200
2019-09-30,104745.0,3895800
2019-10-01,104053.0,4095700
2019-10-02,101031.0,5066200
2019-10-03,101516.0,4665600
2019-10-04,102551.0,4649400
2019-10-07,100573.0,3938300
2019-10-08,99981.0,4342700
2019-10-09,101249.0,3939000
2019-10-10,101817.0,4373100
2019-10-11,103832.0,4351800
2019-10-14,104302.0,2987900
2019-10-15,104490.0,4093400
2019-10-16,105423.0,4509400
2019-10-17,105016.0,4189000
2019-10-18,104729.0,4478100
2019-10-21,106022.0,3504900
2019-10-22,107381.0,5224900
2019-10-23,107544.0,4656200
2019-10-24,106986.0,5619200
2019-10-25,107364.0,5398900
2019-10-28,108187.0,3967200
2019-10-29,107556.0,4313200
2019-10-30,108408.0,5450600
2019-10-31,107220.0,5376000
2019-11-01,108196.0,5466300
2019-11-04,108601.0,5182200
2019-11-05,108451.0,5657600
2019-11-06,108336.0,5505500
2019-11-07,109581.0,6075600
2019-11-08,107629.0,5419600
2019-11-11,108215.0,3928900
2019-11-12,106785.0,5219300
2019-11-13,105914.0,5339000
2019-11-14,106557.0,5364300
2019-11-18,106347.0,4919800
2019-11-19,105618.0,3610300
2019-11-21,107497.0,5819400
2019-11-22,108692.0,4796100
2019-11-25,108424.0,4512400
2019-11-26,107059.0,6904900
2019-11-27,107708.0,4418200
2019-11-28,108290.0,3666100
2019-11-29,108233.0,4186600
2019-12-02,109061.0,4708000
2019-12-03,108956.0,5223100
2019-12-04,110301.0,4889500
2019-12-05,110622.0,4399100
2019-12-06,111126.0,4968100
2019-12-09,110977.0,4991500
2019-12-10,110672.0,4758800
2019-12-11,110964.0,5146100
2019-12-12,112200.0,5682000
2019-12-13,112565.0,7712100
2019-12-16,111896.0,6078300
2019-12-17,112616.0,5352500
2019-12-18,114315.0,7940900
2019-12-19,115131.0,5784600
2019-12-20,115121.0,6887400
2019-12-23,115863.0,3995200
2019-12-26,117203.0,3788900
2019-12-27,116534.0,3905900
2019-12-30,115964.0,3667900
2020-01-02,118573.0,5162700
2020-01-03,117707.0,6834500
2020-01-06,116878.0,6570000
2020-01-07,116662.0,4854100
2020-01-08,116247.0,5910500
2020-01-09,115947.0,5953500
2020-01-10,115503.0,4783400
2020-01-13,117325.0,5685100
2020-01-14,117632.0,5361700
2020-01-15,116414.0,5569400
2020-01-16,116704.0,5422700
2020-01-17,118478.0,4947200
2020-01-20,118862.0,3843500
2020-01-21,117026.0,5085600
2020-01-22,118391.0,5765700
2020-01-23,119528.0,6572400
2020-01-24,118376.0,4778700
2020-01-27,114482.0,6097800
2020-01-28,116479.0,5229400
2020-01-29,115385.0,5097800
2020-01-30,115528.0,6315600
2020-01-31,113761.0,6219900
2020-02-03,114629.0,5512200
2020-02-04,115557.0,5829400
2020-02-05,116028.0,7173800
2020-02-06,115190.0,7382400
2020-02-07,113770.0,6594100
2020-02-10,112570.0,7486300
2020-02-11,115371.0,6767900
2020-02-12,116674.0,8159200
2020-02-13,115662.0,5635700
2020-02-14,114381.0,5335900
2020-02-17,115309.0,0
2020-02-18,114977.0,5548400
2020-02-19,116518.0,6334100
2020-02-20,114586.0,6793000
2020-02-21,113681.0,5896200
2020-02-26,105718.0,9369800
2020-02-27,102984.0,11237700
2020-02-28,104172.0,11228400
2020-03-02,106625.0,8858400
2020-03-03,105537.0,9385600
2020-03-04,107224.0,8410500
2020-03-05,102233.0,8598600
2020-03-06,97997.0,11864200
2020-03-09,86067.0,14645500
2020-03-10,92214.0,13531700
2020-03-11,85171.0,11786900
2020-03-12,72583.0,12008700
2020-03-13,82678.0,15766300
2020-03-16,71168.0,12847800
2020-03-17,74617.0,14945900
2020-03-18,66895.0,16751500
2020-03-19,68332.0,16144700
2020-03-20,67069.0,15152400
2020-03-23,63570.0,11962200
2020-03-24,69729.0,11679900
2020-03-25,74956.0,12951100
2020-03-26,77710.0,12758000
2020-03-27,73429.0,10301400
2020-03-30,74640.0,9032200
2020-03-31,73020.0,11141500
2020-04-01,70967.0,10093500
2020-04-02,72253.0,10540200
2020-04-03,69538.0,10411300
2020-04-06,74073.0,9685400
2020-04-07,76358.0,11286500
2020-04-08,78625.0,10206300
2020-04-09,77682.0,10748700
2020-04-13,78836.0,7651300
2020-04-14,79918.0,8593600
2020-04-15,78831.0,9758400
2020-04-16,77812.0,9028400
2020-04-17,78990.0,8317800
2020-04-20,78973.0,8874700
2020-04-22,80687.0,9848900
2020-04-23,79673.0,10823500
2020-04-24,75331.0,16529200
2020-04-27,78239.0,10656900
2020-04-28,81312.0,12939000
2020-04-29,83171.0,11719700
2020-04-30,80506.0,11804600
2020-05-04,78876.0,8594200
2020-05-05,79471.0,9154700
2020-05-06,79064.0,9775900
2020-05-07,78119.0,13808900
2020-05-08,80263.0,10734400
2020-05-11,79065.0,9781900
2020-05-12,77872.0,10245400
2020-05-13,77772.0,11575900
2020-05-14,79011.0,13818900
2020-05-15,77557.0,11718200
2020-05-18,81194.0,11533100
2020-05-19,80742.0,10740100
2020-05-20,81319.0,9522800
2020-05-21,83027.0,11395200
2020-05-22,82173.0,9281200
2020-05-25,85663.0,8764400
2020-05-26,85469.0,12030800
2020-05-27,87946.0,11212000
2020-05-28,86949.0,10117000
2020-05-29,87403.0,16550900
2020-06-01,88620.0,9849400
2020-06-02,91046.0,11827300
2020-06-03,93002.0,15137900
2020-06-04,93829.0,11488000
2020-06-05,94637.0,13320300
2020-06-08,97645.0,11096500
2020-06-09,96747.0,11278800
2020-06-10,94686.0,11739600
2020-06-12,92795.0,12785600
2020-06-15,92376.0,13317500
2020-06-16,93531.0,12034200
2020-06-17,95547.0,11134700
2020-06-18,96125.0,10008500
2020-06-19,96572.0,13134400
2020-06-22,95336.0,8264700
2020-06-23,95975.0,9752700
2020-06-24,94377.0,9962700
2020-06-25,95983.0,8697900
2020-06-26,93834.0,8439100
2020-06-29,95735.0,8906800
2020-06-30,95056.0,10144500
2020-07-01,96203.0,10163300
2020-07-02,96235.0,10062900
2020-07-03,96765.0,5351600
2020-07-06,98937.0,9489400
2020-07-07,97761.0,8951400
2020-07-08,99770.0,9142700
2020-07-09,99160.0,0
2020-07-10,100032.0,9147200
2020-07-13,98697.0,10382300
2020-07-14,100440.0,10019400
2020-07-15,101791.0,9285600
2020-07-16,100553.0,8127100
2020-07-17,102888.0,10429400
2020-07-20,104426.0,8931800
2020-07-21,104310.0,11105800
2020-07-22,104290.0,10833700
2020-07-23,102293.0,10366600
2020-07-24,102382.0,9795200
2020-07-27,104477.0,9622400
2020-07-28,104109.0,9087100
2020-07-29,105605.0,9238300
2020-07-30,105009.0,9591700
2020-07-31,102912.0,12929300
2020-08-03,102830.0,10901000
2020-08-04,101216.0,12029800
2020-08-05,102802.0,10922100
2020-08-06,104126.0,9686600
2020-08-07,102776.0,10337100
2020-08-10,103444.0,8259500
2020-08-11,102174.0,9360900
2020-08-12,102118.0,10114200
2020-08-13,100461.0,10721300
2020-08-14,101353.0,8576300
2020-08-17,99595.0,10816200
2020-08-18,102065.0,9418700
2020-08-19,100854.0,10025800
2020-08-20,101468.0,9405000
2020-08-21,101521.0,9100200
2020-08-24,102298.0,7723000
2020-08-25,102118.0,8170900
2020-08-26,100627.0,9861200
2020-08-27,100624.0,7360600
2020-08-28,102143.0,7665700
2020-08-31,99369.0,12226100
2020-09-01,102168.0,9384700
2020-09-02,101911.0,7557900
2020-09-03,100721.0,12611000
2020-09-04,101242.0,11327400
2020-09-08,100050.0,8479000
2020-09-09,101292.0,7955600
2020-09-10,98835.0,8894600
2020-09-11,98363.0,9107900
2020-09-14,100275.0,8182100
2020-09-15,100298.0,9216700
2020-09-16,99676.0,7139400
2020-09-17,100098.0,0
2020-09-18,98290.0,11370300
2020-09-21,96991.0,9738000
2020-09-22,97294.0,7281300
2020-09-23,95735.0,8830700
2020-09-24,97012.0,9331000
2020-09-25,96999.0,7351100
2020-09-28,94666.0,10508900
2020-09-29,93580.0,8737200
2020-09-30,94603.0,9454300
2020-10-01,95479.0,9243500
2020-10-02,94016.0,8584900
2020-10-05,96089.0,8616000
2020-10-06,95615.0,11299600
2020-10-07,95526.0,9829900
2020-10-08,97920.0,11163600
2020-10-09,97483.0,10810500
2020-10-13,98503.0,7867500
2020-10-14,99334.0,8891000
2020-10-15,99054.0,8335200
2020-10-16,98309.0,7840200
2020-10-19,98658.0,9929400
2020-10-20,100540.0,8796000
2020-10-21,100552.0,8661100
2020-10-22,101918.0,9556900
2020-10-23,101260.0,7561100
2020-10-26,101017.0,8070400
2020-10-27,99606.0,8672300
2020-10-28,95369.0,11051600
2020-10-29,96582.0,12704400
2020-10-30,93952.0,10643200
2020-11-03,95587.0,10191800
2020-11-04,97811.0,10704600
2020-11-05,100774.0,10455300
2020-11-06,100799.0,8382800
2020-11-09,103913.0,17410500
2020-11-10,105351.0,16665200
2020-11-11,104532.0,10841000
2020-11-12,102175.0,10860300
2020-11-13,104512.0,9772100
2020-11-16,106430.0,11724300
2020-11-17,107229.0,10311000
2020-11-18,106483.0,10337300
2020-11-19,106517.0,8555700
2020-11-23,107379.0,9686000
2020-11-24,109786.0,11934800
2020-11-25,110133.0,8564700
2020-11-26,110227.0,6166800
2020-11-27,110575.0,8790300
2020-11-30,108888.0,19300000
2020-12-01,111335.0,11324800
2020-12-02,111814.0,9814300
2020-12-03,112919.0,11474200
2020-12-04,113682.0,8892900
2020-12-07,113625.0,9633900
2020-12-08,113571.0,8810900
2020-12-09,112722.0,8431100
2020-12-10,114992.0,11803600
2020-12-11,115323.0,8372300
2020-12-14,114975.0,8190900
2020-12-15,116146.0,8195100
2020-12-16,117947.0,9808100
2020-12-17,118157.0,7701400
2020-12-18,117679.0,8636000
2020-12-21,116016.0,10347100
2020-12-22,116348.0,6947900
2020-12-23,117857.0,6483300
2020-12-28,119051.0,7171700
2020-12-29,119475.0,6769700
2020-12-30,119306.0,8235700
2021-01-04,118558.0,8741400
2021-01-05,119223.0,9257100
2021-01-06,119851.0,11638200
2021-01-07,121956.0,11774800
2021-01-08,125077.0,11085800
2021-01-11,122807.0,9537600
2021-01-12,123998.0,8949000
2021-01-13,122040.0,10291500
2021-01-14,123481.0,8974400
2021-01-15,120502.0,9387600
2021-01-18,121242.0,7223100
2021-01-19,120673.0,7886000
2021-01-20,119708.0,7947300
2021-01-21,118443.0,8573900
2021-01-22,117172.0,9373100
2021-01-26,116464.0,10681400
2021-01-27,115882.0,12380400
2021-01-28,119314.0,12065900
2021-01-29,116007.0,10965200
2021-02-01,117365.0,8716500
2021-02-02,118234.0,11625900
2021-02-03,119725.0,8704300
2021-02-04,119261.0,8100700
2021-02-05,119925.0,8208400
2021-02-08,119516.0,8619100
2021-02-09,119429.0,7913500
2021-02-10,118430.0,8644600
2021-02-11,119235.0,7567400
2021-02-12,119116.0,7655900
2021-02-17,120391.0,8326100
2021-02-18,119140.0,10720600
2021-02-19,118748.0,10402800
2021-02-22,112668.0,21768700
2021-02-23,115227.0,15174900
2021-02-24,115668.0,11399300
2021-02-25,112256.0,12466500
2021-02-26,110035.0,14618500
2021-03-01,110335.0,11239900
2021-03-02,111540.0,14823200
2021-03-03,111184.0,15144300
2021-03-04,112690.0,14221600
2021-03-05,115202.0,13254800
2021-03-08,110612.0,0
2021-03-09,111331.0,12135300
2021-03-10,112776.0,12511800
2021-03-11,114984.0,12092100
2021-03-12,114160.0,8110700
2021-03-15,114851.0,8224700
2021-03-16,114019.0,78000
2021-03-17,116549.0,94300
2021-03-18,114835.0,9920100
2021-03-19,116222.0,12341800
2021-03-22,114979.0,8160600
2021-03-23,113262.0,8301500
2021-03-24,112064.0,9834000
2021-03-25,113750.0,10306500
2021-03-26,114781.0,8659500
2021-03-29,115419.0,7463300
2021-03-30,116850.0,8141600
2021-03-31,116634.0,10659200
2021-04-01,115253.0,8009200
2021-04-05,117518.0,7245100
2021-04-06,117499.0,6800800
2021-04-07,117624.0,0
2021-04-08,118313.0,8778200
2021-04-09,117670.0,7739400
2021-04-12,118812.0,7000500
2021-04-13,119297.0,8977600
2021-04-14,120295.0,10076600
2021-04-15,120701.0,7948100
2021-04-16,121114.0,7945600
2021-04-19,120934.0,10028100
2021-04-20,120062.0,7811500
2021-04-22,119371.0,8598600
2021-04-23,120530.0,7615500
2021-04-26,120595.0,7095300
2021-04-27,119388.0,8362300
2021-04-28,121053.0,9081500
2021-04-29,120066.0,8500200
2021-04-30,118894.0,11093200
2021-05-03,119209.0,8888300
2021-05-04,117712.0,8765500
2021-05-05,119564.0,9059100
2021-05-06,119921.0,8779600
2021-05-07,122038.0,8865100
2021-05-10,121909.0,8219100
2021-05-11,122964.0,7988600
2021-05-12,119710.0,9405200
2021-05-13,120706.0,9356200
2021-05-14,121881.0,10136300
2021-05-17,122938.0,7408100
2021-05-18,122980.0,7840100
2021-05-19,122636.0,8825300
2021-05-20,122701.0,7906400
2021-05-21,122592.0,9493600
2021-05-24,124032.0,8186300
2021-05-25,122988.0,8914500
2021-05-26,123989.0,8258400
2021-05-27,124367.0,0
2021-05-28,125561.0,8838500
2021-05-31,126216.0,5946500
2021-06-01,128267.0,12496100
2021-06-02,129601.0,12781100
2021-06-04,130126.0,9814800
2021-06-07,130776.0,9655400
2021-06-08,129787.0,10346600
2021-06-09,129907.0,9833700
2021-06-10,130076.0,8537900
2021-06-11,129441.0,7748200
2021-06-14,130208.0,8155700
2021-06-15,130091.0,7211500
2021-06-16,129259.0,12879400
2021-06-17,128057.0,9664700
2021-06-18,128405.0,12432000
2021-06-21,129265.0,7333600
2021-06-22,128767.0,9328000
2021-06-23,128428.0,7988900
2021-06-24,129514.0,7237000
2021-06-25,127256.0,9363800
2021-06-28,127429.0,8155600
2021-06-29,127327.0,7777900
2021-06-30,126802.0,9098600
2021-07-01,125666.0,9292000
2021-07-02,127622.0,7434800
2021-07-05,126920.0,5255600
2021-07-06,125095.0,7651300
2021-07-07,127019.0,8151400
2021-07-08,125428.0,8881400
2021-07-12,127594.0,7421600
2021-07-13,128168.0,7152000
2021-07-14,128407.0,0
2021-07-15,127468.0,7418600
2021-07-16,125960.0,7355800
2021-07-19,124395.0,9210200
2021-07-20,125401.0,7627500
2021-07-21,125929.0,7148900
2021-07-22,126147.0,6480400
2021-07-23,125053.0,6051800
2021-07-26,126004.0,6325500
2021-07-27,124612.0,7313800
2021-07-28,126286.0,9038200
2021-07-29,125675.0,7488400
2021-07-30,121801.0,9399200
2021-08-02,122516.0,8565400
2021-08-03,123577.0,9391300
2021-08-04,121801.0,9164200
2021-08-05,121633.0,10913000
2021-08-06,122810.0,7499200
2021-08-09,123019.0,7171500
2021-08-10,122202.0,8297600
2021-08-11,122056.0,8685200
2021-08-12,120701.0,11066000
2021-08-13,121194.0,10642200
2021-08-16,119180.0,9741700
2021-08-17,117904.0,11218200
2021-08-18,116643.0,11745800
2021-08-19,117165.0,10525900
2021-08-20,118053.0,8929300
2021-08-23,117472.0,7853000
2021-08-24,120211.0,9181000
2021-08-25,120818.0,7520100
2021-08-26,118724.0,8426900
2021-08-27,120678.0,7323600
2021-08-30,119740.0,6391900
2021-08-31,118781.0,11535600
2021-09-01,119396.0,9523000
2021-09-02,116677.0,9862800
2021-09-03,116933.0,12517500
2021-09-06,117869.0,5111300
2021-09-08,113413.0,12254400
2021-09-09,115361.0,13890600
2021-09-10,114286.0,11155700
2021-09-13,116404.0,9253400
2021-09-14,116181.0,9034100
2021-09-15,115063.0,9456800
2021-09-16,113794.0,10685500
2021-09-17,111439.0,14827600
2021-09-20,108844.0,11500200
2021-09-21,110250.0,11247700
2021-09-22,112282.0,12158600
2021-09-23,114064.0,11476300
2021-09-24,113283.0,9121200
2021-09-27,113583.0,10739700
2021-09-28,110124.0,13190800
2021-09-29,111107.0,11372600
2021-09-30,110979.0,13160600
2021-10-01,112900.0,10779100
2021-10-04,110393.0,11814200
2021-10-05,110458.0,10379000
2021-10-06,110560.0,13279200
2021-10-07,110585.0,10646000
2021-10-08,112833.0,12871400
2021-10-11,112180.0,10283700
2021-10-13,113456.0,11732700
2021-10-14,113185.0,8956200
2021-10-15,114648.0,11174900
2021-10-18,114428.0,11201300
2021-10-19,110673.0,14129200
2021-10-20,110786.0,11735800
2021-10-21,107735.0,16507700
2021-10-22,106296.0,21165700
2021-10-25,108715.0,11512100
2021-10-26,106420.0,10762200
2021-10-27,106363.0,10831300
2021-10-28,105705.0,11502900
2021-10-29,103501.0,12595800
2021-11-01,105551.0,10734800
2021-11-03,105617.0,14696900
2021-11-04,103412.0,12084000
2021-11-05,104824.0,12595000
2021-11-08,104781.0,9358000
2021-11-09,105535.0,11021200
2021-11-10,105968.0,12277400
2021-11-11,107725.0,12661400
2021-11-12,106312.0,13248100
2021-11-16,104508.0,11579400
2021-11-17,102945.0,12832200
2021-11-18,102524.0,10905700
2021-11-19,103035.0,11101500
2021-11-22,102122.0,10410000
2021-11-23,103663.0,13032400
2021-11-24,104514.0,10466600
2021-11-25,105811.0,7890400
2021-11-26,102224.0,10969100
2021-11-29,102814.0,10283300
2021-11-30,101915.0,18195100
2021-12-01,100775.0,13762900
2021-12-02,104466.0,14846500
2021-12-03,105070.0,14581500
2021-12-06,106859.0,11127500
2021-12-07,107558.0,11773100
2021-12-08,108096.0,13166800
2021-12-09,106291.0,11082900
2021-12-10,107758.0,10466000
2021-12-13,107383.0,12512300
2021-12-14,106760.0,11604300
2021-12-15,107370.0,12663100
2021-12-16,108212.0,13754600
2021-12-17,107201.0,14934300
2021-12-20,105020.0,10570000
2021-12-21,105500.0,9041600
2021-12-22,105244.0,8052900
2021-12-23,104891.0,7283600
2021-12-27,105531.0,7594900
2021-12-28,104864.0,7509000
2021-12-29,104107.0,6590000
2021-12-30,104822.0,11138100
2022-01-03,103922.0,11128500
2022-01-04,103514.0,11491600
2022-01-05,101006.0,0
2022-01-06,101561.0,11749200
2022-01-07,102719.0,11733200
2022-01-10,101945.0,10264700
2022-01-11,103779.0,12421500
2022-01-12,105686.0,13026500
2022-01-13,105530.0,11712300
2022-01-14,106928.0,11457100
2022-01-17,106692.0,6924200
2022-01-18,106522.0,11221900
2022-01-19,108013.0,12595600
2022-01-20,109102.0,13630500
2022-01-21,108942.0,13408400
2022-01-24,107752.0,12700800
2022-01-25,109845.0,13713900
2022-01-26,111573.0,15513800
2022-01-27,112315.0,14812000
2022-01-28,111478.0,13520100
2022-01-31,112388.0,12190800
2022-02-01,113147.0,11133300
2022-02-02,112161.0,11751200
2022-02-03,111696.0,11039700
2022-02-04,112245.0,0
2022-02-07,111996.0,10672800
2022-02-08,112234.0,10157500
2022-02-09,112461.0,13794500
2022-02-10,113359.0,13267900
2022-02-11,113572.0,18602800
2022-02-14,113807.0,10757600
2022-02-15,114660.0,11649600
2022-02-16,115181.0,12052100
2022-02-17,113528.0,10807500
2022-02-18,112768.0,11300700
2022-02-21,111725.0,7864900
2022-02-22,112892.0,12707000
2022-02-23,112008.0,12120600
2022-02-24,111592.0,16794700
2022-02-25,113142.0,17555700
2022-03-02,115174.0,0
2022-03-03,115166.0,12123000
2022-03-04,114474.0,10715700
2022-03-07,111593.0,14057700
2022-03-08,111203.0,15698500
2022-03-09,113900.0,14705400
2022-03-10,113663.0,12984000
2022-03-11,111713.0,12475800
2022-03-14,109928.0,10480900
2022-03-15,108959.0,13653800
2022-03-16,111112.0,13205200
2022-03-17,113076.0,14407500
2022-03-18,115311.0,19552500
2022-03-21,116155.0,10378700
2022-03-22,117272.0,11382700
2022-03-23,117457.0,11083700
2022-03-24,119053.0,13474400
2022-03-25,119081.0,13814500
2022-03-28,118738.0,9167700
2022-03-29,120014.0,12931900
2022-03-30,120260.0,10893300
2022-03-31,119999.0,11202100
2022-04-01,121570.0,13780900
2022-04-04,121280.0,8812500
2022-04-05,118885.0,11788300
2022-04-06,118227.75,0
